id,first_name,last_name,email,gender,ip_address
1,Thomasin,Bendelow,tbendelow0@rakuten.co.jp,Female,19.184.89.107
2,Terence,Melpuss,tmelpuss1@pbs.org,Male,153.236.8.179
3,Logan,Schole,lschole2@wufoo.com,Male,137.148.184.109
4,Nickey,Kinrade,nkinrade3@army.mil,Male,236.229.243.162
5,Chery,Briggs,cbriggs4@samsung.com,Female,128.181.59.50
6,Averil,Whyborn,awhyborn5@wp.com,Male,38.1.140.217
7,Derrik,Backshell,dbackshell6@wisc.edu,Male,45.146.141.89
8,Marsh,Floyde,mfloyde7@printfriendly.com,Male,94.150.42.241
9,Holly,Clarson,hclarson8@slate.com,Genderqueer,107.38.241.18
10,Torey,Linwood,tlinwood9@nhs.uk,Male,107.3.73.89
